ID,Year,Problem Number,Question,Answer,Part
2013-I-1,2013,1,"The AIME Triathlon consists of a half-mile swim, a 30-mile bicycle ride, and an eight-mile run. Tom swims, bicycles, and runs at constant rates. He runs fives times as fast as he swims, and he bicycles twice as fast as he runs. Tom completes the AIME Triathlon in four and a quarter hours. How many minutes does he spend bicycling?",150,I
2013-I-3,2013,3,"Let $ABCD$ be a square, and let $E$ and $F$ be points on $\overline{AB}$ and $\overline{BC},$ respectively. The line through $E$ parallel to $\overline{BC}$ and the line through $F$ parallel to $\overline{AB}$ divide $ABCD$ into two squares and two nonsquare rectangles. The sum of the areas of the two squares is $\frac{9}{10}$ of the area of square $ABCD.$ Find $\frac{AE}{EB} + \frac{EB}{AE}.$",18,I
2013-I-4,2013,4,"In the array of $13$ squares shown below, $8$ squares are colored red, and the remaining $5$ squares are colored blue. If one of all possible such colorings is chosen at random, the probability that the chosen colored array appears the same when rotated $90^{\circ}$ around the central square is $\frac{1}{n}$ , where $n$ is a positive integer. Find $n$ . [asy] draw((0,0)--(1,0)--(1,1)--(0,1)--(0,0)); draw((2,0)--(2,2)--(3,2)--(3,0)--(3,1)--(2,1)--(4,1)--(4,0)--(2,0)); draw((1,2)--(1,4)--(0,4)--(0,2)--(0,3)--(1,3)--(-1,3)--(-1,2)--(1,2)); draw((-1,1)--(-3,1)--(-3,0)--(-1,0)--(-2,0)--(-2,1)--(-2,-1)--(-1,-1)--(-1,1)); draw((0,-1)--(0,-3)--(1,-3)--(1,-1)--(1,-2)--(0,-2)--(2,-2)--(2,-1)--(0,-1)); size(100);[/asy]",429,I
2013-I-5,2013,5,"The real root of the equation $8x^3-3x^2-3x-1=0$ can be written in the form $\frac{\sqrt[3]{a}+\sqrt[3]{b}+1}{c}$ , where $a$ , $b$ , and $c$ are positive integers. Find $a+b+c$ .",98,I
2013-I-6,2013,6,"Melinda has three empty boxes and $12$ textbooks, three of which are mathematics textbooks. One box will hold any three of her textbooks, one will hold any four of her textbooks, and one will hold any five of her textbooks. If Melinda packs her textbooks into these boxes in random order, the probability that all three mathematics textbooks end up in the same box can be written as $\frac{m}{n}$ , where $m$ and $n$ are relatively prime positive integers. Find $m+n$ .",47,I
2013-I-7,2013,7,"A rectangular box has width $12$ inches, length $16$ inches, and height $\frac{m}{n}$ inches, where $m$ and $n$ are relatively prime positive integers. Three faces of the box meet at a corner of the box. The center points of those three faces are the vertices of a triangle with an area of $30$ square inches. Find $m+n$ .",41,I
2013-I-8,2013,8,"The domain of the function $f(x) = \arcsin(\log_{m}(nx))$ is a closed interval of length $\frac{1}{2013}$ , where $m$ and $n$ are positive integers and $m>1$ . Find the remainder when the smallest possible sum $m+n$ is divided by $1000$ .",371,I
2013-I-9,2013,9,"A paper equilateral triangle $ABC$ has side length $12$ . The paper triangle is folded so that vertex $A$ touches a point on side $\overline{BC}$ a distance $9$ from point $B$ . The length of the line segment along which the triangle is folded can be written as $\frac{m\sqrt{p}}{n}$ , where $m$ , $n$ , and $p$ are positive integers, $m$ and $n$ are relatively prime, and $p$ is not divisible by the square of any prime. Find $m+n+p$ . [asy] import cse5; size(12cm); pen tpen = defaultpen + 1.337; real a = 39/5.0; real b = 39/7.0; pair B = MP(""B"", (0,0), dir(200)); pair A = MP(""A"", (9,0), dir(-80)); pair C = MP(""C"", (12,0), dir(-20)); pair K = (6,10.392); pair M = (a*B+(12-a)*K) / 12; pair N = (b*C+(12-b)*K) / 12; draw(B--M--N--C--cycle, tpen); draw(M--A--N--cycle); fill(M--A--N--cycle, mediumgrey); pair shift = (-20.13, 0); pair B1 = MP(""B"", B+shift, dir(200)); pair A1 = MP(""A"", K+shift, dir(90)); pair C1 = MP(""C"", C+shift, dir(-20)); draw(A1--B1--C1--cycle, tpen);[/asy]",113,I
2013-I-10,2013,10,"There are nonzero integers $a$ , $b$ , $r$ , and $s$ such that the complex number $r+si$ is a zero of the polynomial $P(x)={x}^{3}-a{x}^{2}+bx-65$ . For each possible combination of $a$ and $b$ , let ${p}_{a,b}$ be the sum of the zeros of $P(x)$ . Find the sum of the ${p}_{a,b}$ 's for all possible combinations of $a$ and $b$ .",80,I
2013-I-11,2013,11,"Ms. Math's kindergarten class has $16$ registered students. The classroom has a very large number, $N$ , of play blocks which satisfies the conditions: (a) If $16$ , $15$ , or $14$ students are present in the class, then in each case all the blocks can be distributed in equal numbers to each student, and (b) There are three integers $0 < x < y < z < 14$ such that when $x$ , $y$ , or $z$ students are present and the blocks are distributed in equal numbers to each student, there are exactly three blocks left over. Find the sum of the distinct prime divisors of the least possible value of $N$ satisfying the above conditions.",148,I
2013-I-12,2013,12,"Let $\bigtriangleup PQR$ be a triangle with $\angle P = 75^o$ and $\angle Q = 60^o$ . A regular hexagon $ABCDEF$ with side length 1 is drawn inside $\triangle PQR$ so that side $\overline{AB}$ lies on $\overline{PQ}$ , side $\overline{CD}$ lies on $\overline{QR}$ , and one of the remaining vertices lies on $\overline{RP}$ . There are positive integers $a, b, c,$ and $d$ such that the area of $\triangle PQR$ can be expressed in the form $\frac{a+b\sqrt{c}}{d}$ , where $a$ and $d$ are relatively prime, and c is not divisible by the square of any prime. Find $a+b+c+d$ .",21,I
2013-I-13,2013,13,"Triangle $AB_0C_0$ has side lengths $AB_0 = 12$ , $B_0C_0 = 17$ , and $C_0A = 25$ . For each positive integer $n$ , points $B_n$ and $C_n$ are located on $\overline{AB_{n-1}}$ and $\overline{AC_{n-1}}$ , respectively, creating three similar triangles $\triangle AB_nC_n \sim \triangle B_{n-1}C_nC_{n-1} \sim \triangle AB_{n-1}C_{n-1}$ . The area of the union of all triangles $B_{n-1}C_nB_n$ for $n\geq1$ can be expressed as $\tfrac pq$ , where $p$ and $q$ are relatively prime positive integers. Find $q$ .",961,I
2013-I-14,2013,14,"For $\pi \le \theta < 2\pi$ , let \[P=\dfrac12\cos\theta-\dfrac14\sin2\theta-\dfrac18\cos3\theta+\dfrac1{16}\sin4\theta+\dfrac1{32}\cos5\theta-\dfrac1{64}\sin6\theta-\dfrac1{128}\cos7\theta+\ldots\] and \[Q=1-\dfrac12\sin\theta-\dfrac14\cos2\theta+\dfrac1{8}\sin3\theta+\dfrac1{16}\cos4\theta-\dfrac1{32}\sin5\theta-\dfrac1{64}\cos6\theta+\dfrac1{128}\sin7\theta +\ldots\] so that $\frac{P}{Q} = \frac{2\sqrt2}{7}$ . Then $\sin\theta = -\frac{m}{n}$ where $m$ and $n$ are relatively prime positive integers. Find $m+n$ .",36,I
2013-I-15,2013,15,"Let $N$ be the number of ordered triples $(A,B,C)$ of integers satisfying the conditions: (a) $0\le A<B<C\le99$ , (b) there exist integers $a$ , $b$ , and $c$ , and prime $p$ where $0\le b<a<c<p$ , (c) $p$ divides $A-a$ , $B-b$ , and $C-c$ , and (d) each ordered triple $(A,B,C)$ and each ordered triple $(b,a,c)$ form arithmetic sequences. Find $N$ .",272,I
2013-II-1,2013,1,"Suppose that the measurement of time during the day is converted to the metric system so that each day has $10$ metric hours, and each metric hour has $100$ metric minutes. Digital clocks would then be produced that would read $\text{9:99}$ just before midnight, $\text{0:00}$ at midnight, $\text{1:25}$ at the former $\text{3:00}$ AM, and $\text{7:50}$ at the former $\text{6:00}$ PM. After the conversion, a person who wanted to wake up at the equivalent of the former $\text{6:36}$ AM would set his new digital alarm clock for $\text{A:BC}$ , where $\text{A}$ , $\text{B}$ , and $\text{C}$ are digits. Find $100\text{A}+10\text{B}+\text{C}$ .",275,II
2013-II-2,2013,2,Positive integers $a$ and $b$ satisfy the condition \[\log_2(\log_{2^a}(\log_{2^b}(2^{1000}))) = 0.\] Find the sum of all possible values of $a+b$ .,881,II
2013-II-3,2013,3,"A large candle is $119$ centimeters tall.  It is designed to burn down more quickly when it is first lit and more slowly as it approaches its bottom.  Specifically, the candle takes $10$ seconds to burn down the first centimeter from the top, $20$ seconds to burn down the second centimeter, and $10k$ seconds to burn down the $k$ -th centimeter.  Suppose it takes $T$ seconds for the candle to burn down completely.  Then $\tfrac{T}{2}$ seconds after it is lit, the candle's height in centimeters will be $h$ .  Find $10h$ .",350,II
2013-II-4,2013,4,"In the Cartesian plane let $A = (1,0)$ and $B = \left( 2, 2\sqrt{3} \right)$ .  Equilateral triangle $ABC$ is constructed so that $C$ lies in the first quadrant.  Let $P=(x,y)$ be the center of $\triangle ABC$ .  Then $x \cdot y$ can be written as $\tfrac{p\sqrt{q}}{r}$ , where $p$ and $r$ are relatively prime positive integers and $q$ is an integer that is not divisible by the square of any prime.  Find $p+q+r$ .",40,II
2013-II-5,2013,5,"In equilateral $\triangle ABC$ let points $D$ and $E$ trisect $\overline{BC}$ . Then $\sin(\angle DAE)$ can be expressed in the form $\frac{a\sqrt{b}}{c}$ , where $a$ and $c$ are relatively prime positive integers, and $b$ is an integer that is not divisible by the square of any prime. Find $a+b+c$ . ",20,II
2013-II-6,2013,6,Find the least positive integer $N$ such that the set of $1000$ consecutive integers beginning with $1000\cdot N$ contains no square of an integer.,282,II
2013-II-7,2013,7,"A group of clerks is assigned the task of sorting $1775$ files. Each clerk sorts at a constant rate of $30$ files per hour. At the end of the first hour, some of the clerks are reassigned to another task; at the end of the second hour, the same number of the remaining clerks are also reassigned to another task, and a similar assignment occurs at the end of the third hour. The group finishes the sorting in $3$ hours and $10$ minutes. Find the number of files sorted during the first one and a half hours of sorting.",945,II
2013-II-8,2013,8,"A hexagon that is inscribed in a circle has side lengths $22$ , $22$ , $20$ , $22$ , $22$ , and $20$ in that order. The radius of the circle can be written as $p+\sqrt{q}$ , where $p$ and $q$ are positive integers. Find $p+q$ .",272,II
2013-II-9,2013,9,"A $7\times 1$ board is completely covered by $m\times 1$ tiles without overlap; each tile may cover any number of consecutive squares, and each tile lies completely on the board. Each tile is either red, blue, or green. Let $N$ be the number of tilings of the $7\times 1$ board in which all three colors are used at least once. For example, a $1\times 1$ red tile followed by a $2\times 1$ green tile, a $1\times 1$ green tile, a $2\times 1$ blue tile, and a $1\times 1$ green tile is a valid tiling. Note that if the $2\times 1$ blue tile is replaced by two $1\times 1$ blue tiles, this results in a different tiling. Find the remainder when $N$ is divided by $1000$ .",106,II
2013-II-10,2013,10,"Given a circle of radius $\sqrt{13}$ , let $A$ be a point at a distance $4 + \sqrt{13}$ from the center $O$ of the circle. Let $B$ be the point on the circle nearest to point $A$ . A line passing through the point $A$ intersects the circle at points $K$ and $L$ . The maximum possible area for $\triangle BKL$ can be written in the form $\frac{a - b\sqrt{c}}{d}$ , where $a$ , $b$ , $c$ , and $d$ are positive integers, $a$ and $d$ are relatively prime, and $c$ is not divisible by the square of any prime. Find $a+b+c+d$ .",146,II
2013-II-11,2013,11,"Let $A = \{1, 2, 3, 4, 5, 6, 7\}$ , and let $N$ be the number of functions $f$ from set $A$ to set $A$ such that $f(f(x))$ is a constant function. Find the remainder when $N$ is divided by $1000$ .",399,II
2013-II-12,2013,12,"Let $S$ be the set of all polynomials of the form $z^3 + az^2 + bz + c$ , where $a$ , $b$ , and $c$ are integers. Find the number of polynomials in $S$ such that each of its roots $z$ satisfies either $|z| = 20$ or $|z| = 13$ .",540,II
2013-II-13,2013,13,"In $\triangle ABC$ , $AC = BC$ , and point $D$ is on $\overline{BC}$ so that $CD = 3\cdot BD$ . Let $E$ be the midpoint of $\overline{AD}$ . Given that $CE = \sqrt{7}$ and $BE = 3$ , the area of $\triangle ABC$ can be expressed in the form $m\sqrt{n}$ , where $m$ and $n$ are positive integers and $n$ is not divisible by the square of any prime. Find $m+n$ .",10,II
2013-II-14,2013,14,"For positive integers $n$ and $k$ , let $f(n, k)$ be the remainder when $n$ is divided by $k$ , and for $n > 1$ let $F(n) = \max_{\substack{1\le k\le \frac{n}{2}}} f(n, k)$ . Find the remainder when $\sum\limits_{n=20}^{100} F(n)$ is divided by $1000$ .",512,II
2013-II-15,2013,15,"Let $A,B,C$ be angles of an acute triangle with \begin{align*} \cos^2 A + \cos^2 B + 2 \sin A \sin B \cos C &= \frac{15}{8} \text{ and} \\ \cos^2 B + \cos^2 C + 2 \sin B \sin C \cos A &= \frac{14}{9} \end{align*} There are positive integers $p$ , $q$ , $r$ , and $s$ for which \[\cos^2 C + \cos^2 A + 2 \sin C \sin A \cos B = \frac{p-q\sqrt{r}}{s},\] where $p+q$ and $s$ are relatively prime and $r$ is not divisible by the square of any prime.  Find $p+q+r+s$ .",222,II
2014-I-1,2014,1,"The 8 eyelets for the lace of a sneaker all lie on a rectangle, four equally spaced on each of the longer sides. The rectangle has a width of 50 mm and a length of 80 mm. There is one eyelet at each vertex of the rectangle. The lace itself must pass between the vertex eyelets along a width side of the rectangle and then crisscross between successive eyelets until it reaches the two eyelets at the other width side of the rectangle as shown. After passing through these final eyelets, each of the ends of the lace must extend at least 200 mm farther to allow a knot to be tied. Find the minimum length of the lace in millimeters. [asy] size(200); defaultpen(linewidth(0.7)); path laceL=(-20,-30)..tension 0.75 ..(-90,-135)..(-102,-147)..(-152,-150)..tension 2 ..(-155,-140)..(-135,-40)..(-50,-4)..tension 0.8 ..origin; path laceR=reflect((75,0),(75,-240))*laceL; draw(origin--(0,-240)--(150,-240)--(150,0)--cycle,gray); for(int i=0;i<=3;i=i+1) { path circ1=circle((0,-80*i),5),circ2=circle((150,-80*i),5); unfill(circ1); draw(circ1); unfill(circ2); draw(circ2); } draw(laceL--(150,-80)--(0,-160)--(150,-240)--(0,-240)--(150,-160)--(0,-80)--(150,0)^^laceR,linewidth(1));[/asy]",790,I
2014-I-2,2014,2,An urn contains $4$ green balls and $6$ blue balls. A second urn contains $16$ green balls and $N$ blue balls. A single ball is drawn at random from each urn. The probability that both balls are of the same color is $0.58$ . Find $N$ .,144,I
2014-I-3,2014,3,"Find the number of rational numbers $r$ , $0<r<1,$ such that when $r$ is written as a fraction in lowest terms, the numerator and the denominator have a sum of $1000$ .",200,I
2014-I-4,2014,4,"Jon and Steve ride their bicycles along a path that parallels two side-by-side train tracks running the east/west direction. Jon rides east at $20$ miles per hour, and Steve rides west at $20$ miles per hour. Two trains of equal length, traveling in opposite directions at constant but different speeds each pass the two riders. Each train takes exactly $1$ minute to go past Jon. The westbound train takes $10$ times as long as the eastbound train to go past Steve. The length of each train is $\tfrac{m}{n}$ miles, where $m$ and $n$ are relatively prime positive integers. Find $m+n$ .",49,I
2014-I-5,2014,5,"Let the set $S = \{P_1, P_2, \dots, P_{12}\}$ consist of the twelve vertices of a regular $12$ -gon. A subset $Q$ of $S$ is called communal if there is a circle such that all points of $Q$ are inside the circle, and all points of $S$ not in $Q$ are outside of the circle. How many communal subsets are there? (Note that the empty set is a communal subset.)",134,I
2014-I-6,2014,6,"The graphs $y = 3(x-h)^2 + j$ and $y = 2(x-h)^2 + k$ have y-intercepts of $2013$ and $2014$ , respectively, and each graph has two positive integer x-intercepts. Find $h$ .",36,I
2014-I-7,2014,7,"Let $w$ and $z$ be complex numbers such that $|w| = 1$ and $|z| = 10$ . Let $\theta = \arg \left(\tfrac{w-z}{z}\right)$ . The maximum possible value of $\tan^2 \theta$ can be written as $\tfrac{p}{q}$ , where $p$ and $q$ are relatively prime positive integers. Find $p+q$ . (Note that $\arg(w)$ , for $w \neq 0$ , denotes the measure of the angle that the ray from $0$ to $w$ makes with the positive real axis in the complex plane.)",100,I
2014-I-8,2014,8,"The positive integers $N$ and $N^2$ both end in the same sequence of four digits $abcd$ when written in base 10, where digit $a$ is not zero. Find the three-digit number $abc$ .",937,I
2014-I-9,2014,9,Let $x_1< x_2 < x_3$ be the three real roots of the equation $\sqrt{2014} x^3 - 4029x^2 + 2 = 0$ . Find $x_2(x_1+x_3)$ .,2,I
2014-I-10,2014,10,"A disk with radius $1$ is externally tangent to a disk with radius $5$ . Let $A$ be the point where the disks are tangent, $C$ be the center of the smaller disk, and $E$ be the center of the larger disk. While the larger disk remains fixed, the smaller disk is allowed to roll along the outside of the larger disk until the smaller disk has turned through an angle of $360^\circ$ . That is, if the center of the smaller disk has moved to the point $D$ , and the point on the smaller disk that began at $A$ has now moved to point $B$ , then $\overline{AC}$ is parallel to $\overline{BD}$ . Then $\sin^2(\angle BEA)=\tfrac{m}{n}$ , where $m$ and $n$ are relatively prime positive integers. Find $m+n$ .",58,I
2014-I-11,2014,11,"A token starts at the point $(0,0)$ of an $xy$ -coordinate grid and then makes a sequence of six moves. Each move is 1 unit in a direction parallel to one of the coordinate axes. Each move is selected randomly from the four possible directions and independently of the other moves. The probability the token ends at a point on the graph of $|y|=|x|$ is $\tfrac{m}{n}$ , where $m$ and $n$ are relatively prime positive integers. Find $m+n$ .",391,I
2014-I-12,2014,12,"Let $A=\{1,2,3,4\}$ , and $f$ and $g$ be randomly chosen (not necessarily distinct) functions from $A$ to $A$ . The probability that the range of $f$ and the range of $g$ are disjoint is $\tfrac{m}{n}$ , where $m$ and $n$ are relatively prime positive integers. Find $m$ .",453,I
2014-I-13,2014,13,"On square $ABCD$ , points $E,F,G$ , and $H$ lie on sides $\overline{AB},\overline{BC},\overline{CD},$ and $\overline{DA},$ respectively, so that $\overline{EG} \perp \overline{FH}$ and $EG=FH = 34$ . Segments $\overline{EG}$ and $\overline{FH}$ intersect at a point $P$ , and the areas of the quadrilaterals $AEPH, BFPE, CGPF,$ and $DHPG$ are in the ratio $269:275:405:411.$ Find the area of square $ABCD$ . [asy] pair A = (0,sqrt(850)); pair B = (0,0); pair C = (sqrt(850),0); pair D = (sqrt(850),sqrt(850)); draw(A--B--C--D--cycle); dotfactor = 3; dot(""$A$"",A,dir(135)); dot(""$B$"",B,dir(215)); dot(""$C$"",C,dir(305)); dot(""$D$"",D,dir(45)); pair H = ((2sqrt(850)-sqrt(306))/6,sqrt(850)); pair F = ((2sqrt(850)+sqrt(306)+7)/6,0); dot(""$H$"",H,dir(90)); dot(""$F$"",F,dir(270)); draw(H--F); pair E = (0,(sqrt(850)-6)/2); pair G = (sqrt(850),(sqrt(850)+sqrt(100))/2); dot(""$E$"",E,dir(180)); dot(""$G$"",G,dir(0)); draw(E--G); pair P = extension(H,F,E,G); dot(""$P$"",P,dir(60)); label(""$w$"", intersectionpoint( A--P, E--H )); label(""$x$"", intersectionpoint( B--P, E--F )); label(""$y$"", intersectionpoint( C--P, G--F )); label(""$z$"", intersectionpoint( D--P, G--H ));[/asy]",850,I
2014-I-14,2014,14,"Let $m$ be the largest real solution to the equation \[\dfrac{3}{x-3} + \dfrac{5}{x-5} + \dfrac{17}{x-17} + \dfrac{19}{x-19} = x^2 - 11x - 4\] There are positive integers $a, b,$ and $c$ such that $m = a + \sqrt{b + \sqrt{c}}$ . Find $a+b+c$ .",263,I
2014-I-15,2014,15,"In $\triangle ABC, AB = 3, BC = 4,$ and $CA = 5$ . Circle $\omega$ intersects $\overline{AB}$ at $E$ and $B, \overline{BC}$ at $B$ and $D,$ and $\overline{AC}$ at $F$ and $G$ . Given that $EF=DF$ and $\frac{DG}{EG} = \frac{3}{4},$ length $DE=\frac{a\sqrt{b}}{c},$ where $a$ and $c$ are relatively prime positive integers, and $b$ is a positive integer not divisible by the square of any prime. Find $a+b+c$ .",41,I
2014-II-1,2014,1,"Abe can paint the room in 15 hours, Bea can paint 50 percent faster than Abe, and Coe can paint twice as fast as Abe. Abe begins to paint the room and works alone for the first hour and a half. Then Bea joins Abe, and they work together until half the room is painted. Then Coe joins Abe and Bea, and they work together until the entire room is painted. Find the number of minutes after Abe begins for the three of them to finish painting the room.",334,II
2014-II-2,2014,2,"Arnold is studying the prevalence of three health risk factors, denoted by A, B, and C, within a population of men. For each of the three factors, the probability that a randomly selected man in the population has only this risk factor (and none of the others) is 0.1. For any two of the three factors, the probability that a randomly selected man has exactly these two risk factors (but not the third) is 0.14. The probability that a randomly selected man has all three risk factors, given that he has A and B is $\frac{1}{3}$ . The probability that a man has none of the three risk factors given that he does not have risk factor A is $\frac{p}{q}$ , where $p$ and $q$ are relatively prime positive integers. Find $p+q$ .",76,II
2014-II-3,2014,3,"A rectangle has sides of length $a$ and 36. A hinge is installed at each vertex of the rectangle, and at the midpoint of each side of length 36. The sides of length $a$ can be pressed toward each other keeping those two sides parallel so the rectangle becomes a convex hexagon as shown. When the figure is a hexagon with the sides of length $a$ parallel and separated by a distance of 24, the hexagon has the same area as the original rectangle. Find $a^2$ . [asy] pair A,B,C,D,E,F,R,S,T,X,Y,Z; dotfactor = 2; unitsize(.1cm); A = (0,0); B = (0,18); C = (0,36); // don't look here D = (12*2.236, 36); E = (12*2.236, 18); F = (12*2.236, 0); draw(A--B--C--D--E--F--cycle); dot("" "",A,NW); dot("" "",B,NW); dot("" "",C,NW); dot("" "",D,NW); dot("" "",E,NW); dot("" "",F,NW); //don't look here R = (12*2.236 +22,0); S = (12*2.236 + 22 - 13.4164,12); T = (12*2.236 + 22,24); X = (12*4.472+ 22,24); Y = (12*4.472+ 22 + 13.4164,12); Z = (12*4.472+ 22,0); draw(R--S--T--X--Y--Z--cycle); dot("" "",R,NW); dot("" "",S,NW); dot("" "",T,NW); dot("" "",X,NW); dot("" "",Y,NW); dot("" "",Z,NW); // sqrt180 = 13.4164 // sqrt5 = 2.236[/asy]",720,II
2014-II-4,2014,4,"The repeating decimals $0.abab\overline{ab}$ and $0.abcabc\overline{abc}$ satisfy $0.abab\overline{ab}+0.abcabc\overline{abc}=\frac{33}{37},$ where $a$ , $b$ , and $c$ are (not necessarily distinct) digits. Find the three digit number $abc$ .",447,II
2014-II-5,2014,5,"Real numbers $r$ and $s$ are roots of $p(x)=x^3+ax+b$ , and $r+4$ and $s-3$ are roots of $q(x)=x^3+ax+b+240$ . Find the sum of all possible values of $|b|$ .",420,II
2014-II-6,2014,6,"Charles has two six-sided dice. One of the die is fair, and the other die is biased so that it comes up six with probability $\frac{2}{3}$ and each of the other five sides has probability $\frac{1}{15}$ . Charles chooses one of the two dice at random and rolls it three times. Given that the first two rolls are both sixes, the probability that the third roll will also be a six is $\frac{p}{q}$ , where $p$ and $q$ are relatively prime positive integers. Find $p+q$ .",167,II
2014-II-7,2014,7,Let $f(x)=(x^2+3x+2)^{\cos(\pi x)}$ . Find the sum of all positive integers $n$ for which $\left |\sum_{k=1}^n\log_{10}f(k)\right|=1.$,21,II
2014-II-8,2014,8,"Circle $C$ with radius 2 has diameter $\overline{AB}$ . Circle $D$ is internally tangent to circle $C$ at $A$ . Circle $E$ is internally tangent to circle $C$ , externally tangent to circle $D$ , and tangent to $\overline{AB}$ . The radius of circle $D$ is three times the radius of circle $E$ , and can be written in the form $\sqrt{m}-n$ , where $m$ and $n$ are positive integers. Find $m+n$ .",254,II
2014-II-9,2014,9,Ten chairs are arranged in a circle. Find the number of subsets of this set of chairs that contain at least three adjacent chairs. ,581,II
2014-II-10,2014,10,"Let $z$ be a complex number with $|z|=2014$ . Let $P$ be the polygon in the complex plane whose vertices are $z$ and every $w$ such that $\frac{1}{z+w}=\frac{1}{z}+\frac{1}{w}$ . Then the area enclosed by $P$ can be written in the form $n\sqrt{3}$ , where $n$ is an integer. Find the remainder when $n$ is divided by $1000$ .",147,II
2014-II-11,2014,11,"In $\triangle RED$ , $\measuredangle DRE=75^{\circ}$ and $\measuredangle RED=45^{\circ}$ . $RD=1$ . Let $M$ be the midpoint of segment $\overline{RD}$ . Point $C$ lies on side $\overline{ED}$ such that $\overline{RC}\perp\overline{EM}$ . Extend segment $\overline{DE}$ through $E$ to point $A$ such that $CA=AR$ . Then $AE=\frac{a-\sqrt{b}}{c}$ , where $a$ and $c$ are relatively prime positive integers, and $b$ is a positive integer. Find $a+b+c$ .",56,II
2014-II-12,2014,12,Suppose that the angles of $\triangle ABC$ satisfy $\cos(3A)+\cos(3B)+\cos(3C)=1$ . Two sides of the triangle have lengths 10 and 13. There is a positive integer $m$ so that the maximum possible length for the remaining side of $\triangle ABC$ is $\sqrt{m}$ . Find $m$ .,399,II
2014-II-13,2014,13,"Ten adults enter a room, remove their shoes, and toss their shoes into a pile. Later, a child randomly pairs each left shoe with a right shoe without regard to which shoes belong together. The probability that for every positive integer $k<5$ , no collection of $k$ pairs made by the child contains the shoes from exactly $k$ of the adults is $\frac{m}{n}$ , where $m$ and $n$ are relatively prime positive integers. Find $m+n$ .",28,II
2014-II-14,2014,14,"In $\triangle ABC$ , $AB=10$ , $\measuredangle A=30^{\circ}$ , and $\measuredangle C=45^{\circ}$ . Let $H$ , $D$ , and $M$ be points on line $\overline{BC}$ such that $AH\perp BC$ , $\measuredangle BAD=\measuredangle CAD$ , and $BM=CM$ . Point $N$ is the midpoint of segment $HM$ , and point $P$ is on ray $AD$ such that $PN\perp BC$ . Then $AP^2=\frac{m}{n}$ , where $m$ and $n$ are relatively prime positive integers. Find $m+n$ .",77,II
2014-II-15,2014,15,"For any integer $k\geq 1$ , let $p(k)$ be the smallest prime which does not divide $k$ . Define the integer function $X(k)$ to be the product of all primes less than $p(k)$ if $p(k)>2$ , and $X(k)=1$ if $p(k)=2$ . Let $\{x_n\}$ be the sequence defined by $x_0=1$ , and $x_{n+1}X(x_n)=x_np(x_n)$ for $n\geq 0$ . Find the smallest positive integer $t$ such that $x_t=2090$ .",149,II
2015-I-1,2015,1,The expressions $A$ = $1 \times 2 + 3 \times 4 + 5 \times 6 + \cdots + 37 \times 38 + 39$ and $B$ = $1 + 2 \times 3 + 4 \times 5 + \cdots + 36 \times 37 + 38 \times 39$ are obtained by writing multiplication and addition operators in an alternating pattern between successive integers.  Find the positive difference between integers $A$ and $B$ .,722,I
2015-I-2,2015,2,"The nine delegates to the Economic Cooperation Conference include $2$ officials from Mexico, $3$ officials from Canada, and $4$ officials from the United States. During the opening session, three of the delegates fall asleep. Assuming that the three sleepers were determined randomly, the probability that exactly two of the sleepers are from the same country is $\frac{m}{n}$ , where $m$ and $n$ are relatively prime positive integers. Find $m+n$ .",139,I
2015-I-3,2015,3,There is a prime number $p$ such that $16p+1$ is the cube of a positive integer.  Find $p$ .,307,I
2015-I-4,2015,4,"Point $B$ lies on line segment $\overline{AC}$ with $AB=16$ and $BC=4$ . Points $D$ and $E$ lie on the same side of line $AC$ forming equilateral triangles $\triangle ABD$ and $\triangle BCE$ . Let $M$ be the midpoint of $\overline{AE}$ , and $N$ be the midpoint of $\overline{CD}$ . The area of $\triangle BMN$ is $x$ . Find $x^2$ .",507,I
2015-I-5,2015,5,"In a drawer Sandy has $5$ pairs of socks, each pair a different color.  On Monday, Sandy selects two individual socks at random from the $10$ socks in the drawer.  On Tuesday Sandy selects $2$ of the remaining $8$ socks at random, and on Wednesday two of the remaining $6$ socks at random.  The probability that Wednesday is the first day Sandy selects matching socks is $\frac{m}{n}$ , where $m$ and $n$ are relatively prime positive integers. Find $m+n$ .",341,I
2015-I-6,2015,6,"Point $A,B,C,D,$ and $E$ are equally spaced on a minor arc of a circle. Points $E,F,G,H,I$ and $A$ are equally spaced on a minor arc of a second circle with center $C$ as shown in the figure below. The angle $\angle ABD$ exceeds $\angle AHG$ by $12^\circ$ . Find the degree measure of $\angle BAG$ . [asy] pair A,B,C,D,E,F,G,H,I,O; O=(0,0); C=dir(90); B=dir(70); A=dir(50); D=dir(110); E=dir(130); draw(arc(O,1,50,130)); real x=2*sin(20*pi/180); F=x*dir(228)+C; G=x*dir(256)+C; H=x*dir(284)+C; I=x*dir(312)+C; draw(arc(C,x,200,340)); label(""$A$"",A,dir(0)); label(""$B$"",B,dir(75)); label(""$C$"",C,dir(90)); label(""$D$"",D,dir(105)); label(""$E$"",E,dir(180)); label(""$F$"",F,dir(225)); label(""$G$"",G,dir(260)); label(""$H$"",H,dir(280)); label(""$I$"",I,dir(315));[/asy]",58,I
2015-I-7,2015,7,"In the diagram below, $ABCD$ is a square. Point $E$ is the midpoint of $\overline{AD}$ . Points $F$ and $G$ lie on $\overline{CE}$ , and $H$ and $J$ lie on $\overline{AB}$ and $\overline{BC}$ , respectively, so that $FGHJ$ is a square. Points $K$ and $L$ lie on $\overline{GH}$ , and $M$ and $N$ lie on $\overline{AD}$ and $\overline{AB}$ , respectively, so that $KLMN$ is a square. The area of $KLMN$ is 99. Find the area of $FGHJ$ . [asy] pair A,B,C,D,E,F,G,H,J,K,L,M,N; B=(0,0); real m=7*sqrt(55)/5; J=(m,0); C=(7*m/2,0); A=(0,7*m/2); D=(7*m/2,7*m/2); E=(A+D)/2; H=(0,2m); N=(0,2m+3*sqrt(55)/2); G=foot(H,E,C); F=foot(J,E,C); draw(A--B--C--D--cycle); draw(C--E); draw(G--H--J--F); pair X=foot(N,E,C); M=extension(N,X,A,D); K=foot(N,H,G); L=foot(M,H,G); draw(K--N--M--L); label(""$A$"",A,NW); label(""$B$"",B,SW); label(""$C$"",C,SE); label(""$D$"",D,NE); label(""$E$"",E,dir(90)); label(""$F$"",F,NE); label(""$G$"",G,NE); label(""$H$"",H,W); label(""$J$"",J,S); label(""$K$"",K,SE); label(""$L$"",L,SE); label(""$M$"",M,dir(90)); label(""$N$"",N,dir(180)); [/asy]",539,I
2015-I-8,2015,8,"For positive integer $n$ , let $s(n)$ denote the sum of the digits of $n$ .  Find the smallest positive integer satisfying $s(n) = s(n+864) = 20$ .",695,I
2015-I-9,2015,9,"Let $S$ be the set of all ordered triple of integers $(a_1,a_2,a_3)$ with $1 \le a_1,a_2,a_3 \le 10$ . Each ordered triple in $S$ generates a sequence according to the rule $a_n=a_{n-1}\cdot | a_{n-2}-a_{n-3} |$ for all $n\ge 4$ . Find the number of such sequences for which $a_n=0$ for some $n$ .",494,I
2015-I-10,2015,10,Let $f(x)$ be a third-degree polynomial with real coefficients satisfying \[|f(1)|=|f(2)|=|f(3)|=|f(5)|=|f(6)|=|f(7)|=12.\] Find $|f(0)|$ .,72,I
2015-I-11,2015,11,Triangle $ABC$ has positive integer side lengths with $AB=AC$ . Let $I$ be the intersection of the bisectors of $\angle B$ and $\angle C$ . Suppose $BI=8$ . Find the smallest possible perimeter of $\triangle ABC$ .,108,I
2015-I-12,2015,12,"Consider all 1000-element subsets of the set $\{ 1, 2, 3, ... , 2015 \}$ .  From each such subset choose the least element.  The arithmetic mean of all of these least elements is $\frac{p}{q}$ , where $p$ and $q$ are relatively prime positive integers.  Find $p + q$ .",431,I
2015-I-13,2015,13,"With all angles measured in degrees, the product $\prod_{k=1}^{45} \csc^2(2k-1)^\circ=m^n$ , where $m$ and $n$ are integers greater than 1. Find $m+n$ .",91,I
2015-I-14,2015,14,"For each integer $n \ge 2$ , let $A(n)$ be the area of the region in the coordinate plane defined by the inequalities $1\le x \le n$ and $0\le y \le x \left\lfloor \sqrt x \right\rfloor$ , where $\left\lfloor \sqrt x \right\rfloor$ is the greatest integer not exceeding $\sqrt x$ . Find the number of values of $n$ with $2\le n \le 1000$ for which $A(n)$ is an integer.",483,I
2015-I-15,2015,15,"A block of wood has the shape of a right circular cylinder with radius $6$ and height $8$ , and its entire surface has been painted blue.  Points $A$ and $B$ are chosen on the edge of one of the circular faces of the cylinder so that $\overarc{AB}$ on that face measures $120^\text{o}$ .  The block is then sliced in half along the plane that passes through point $A$ , point $B$ , and the center of the cylinder, revealing a flat, unpainted face on each half.  The area of one of these unpainted faces is $a\cdot\pi + b\sqrt{c}$ , where $a$ , $b$ , and $c$ are integers and $c$ is not divisible by the square of any prime.  Find $a+b+c$ . [asy] import three; import solids; size(8cm); currentprojection=orthographic(-1,-5,3);  picture lpic, rpic;  size(lpic,5cm); draw(lpic,surface(revolution((0,0,0),(-3,3*sqrt(3),0)..(0,6,4)..(3,3*sqrt(3),8),Z,0,120)),gray(0.7),nolight); draw(lpic,surface(revolution((0,0,0),(-3*sqrt(3),-3,8)..(-6,0,4)..(-3*sqrt(3),3,0),Z,0,90)),gray(0.7),nolight); draw(lpic,surface((3,3*sqrt(3),8)..(-6,0,8)..(3,-3*sqrt(3),8)--cycle),gray(0.7),nolight); draw(lpic,(3,-3*sqrt(3),8)..(-6,0,8)..(3,3*sqrt(3),8)); draw(lpic,(-3,3*sqrt(3),0)--(-3,-3*sqrt(3),0),dashed); draw(lpic,(3,3*sqrt(3),8)..(0,6,4)..(-3,3*sqrt(3),0)--(-3,3*sqrt(3),0)..(-3*sqrt(3),3,0)..(-6,0,0),dashed); draw(lpic,(3,3*sqrt(3),8)--(3,-3*sqrt(3),8)..(0,-6,4)..(-3,-3*sqrt(3),0)--(-3,-3*sqrt(3),0)..(-3*sqrt(3),-3,0)..(-6,0,0)); draw(lpic,(6*cos(atan(-1/5)+3.14159),6*sin(atan(-1/5)+3.14159),0)--(6*cos(atan(-1/5)+3.14159),6*sin(atan(-1/5)+3.14159),8));  size(rpic,5cm); draw(rpic,surface(revolution((0,0,0),(3,3*sqrt(3),8)..(0,6,4)..(-3,3*sqrt(3),0),Z,230,360)),gray(0.7),nolight); draw(rpic,surface((-3,3*sqrt(3),0)..(6,0,0)..(-3,-3*sqrt(3),0)--cycle),gray(0.7),nolight); draw(rpic,surface((-3,3*sqrt(3),0)..(0,6,4)..(3,3*sqrt(3),8)--(3,3*sqrt(3),8)--(3,-3*sqrt(3),8)--(3,-3*sqrt(3),8)..(0,-6,4)..(-3,-3*sqrt(3),0)--cycle),white,nolight); draw(rpic,(-3,-3*sqrt(3),0)..(-6*cos(atan(-1/5)+3.14159),-6*sin(atan(-1/5)+3.14159),0)..(6,0,0)); draw(rpic,(-6*cos(atan(-1/5)+3.14159),-6*sin(atan(-1/5)+3.14159),0)..(6,0,0)..(-3,3*sqrt(3),0),dashed); draw(rpic,(3,3*sqrt(3),8)--(3,-3*sqrt(3),8)); draw(rpic,(-3,3*sqrt(3),0)..(0,6,4)..(3,3*sqrt(3),8)--(3,3*sqrt(3),8)..(3*sqrt(3),3,8)..(6,0,8)); draw(rpic,(-3,3*sqrt(3),0)--(-3,-3*sqrt(3),0)..(0,-6,4)..(3,-3*sqrt(3),8)--(3,-3*sqrt(3),8)..(3*sqrt(3),-3,8)..(6,0,8)); draw(rpic,(-6*cos(atan(-1/5)+3.14159),-6*sin(atan(-1/5)+3.14159),0)--(-6*cos(atan(-1/5)+3.14159),-6*sin(atan(-1/5)+3.14159),8)); label(rpic,""$A$"",(-3,3*sqrt(3),0),W); label(rpic,""$B$"",(-3,-3*sqrt(3),0),W);  add(lpic.fit(),(0,0)); add(rpic.fit(),(1,0)); [/asy]",53,I
2015-II-1,2015,1,Let $N$ be the least positive integer that is both $22$ percent less than one integer and $16$ percent greater than another integer. Find the remainder when $N$ is divided by $1000$ .,131,II
2015-II-2,2015,2,"In a new school, $40$ percent of the students are freshmen, $30$ percent are sophomores, $20$ percent are juniors, and $10$ percent are seniors. All freshmen are required to take Latin, and $80$ percent of sophomores, $50$ percent of the juniors, and $20$ percent of the seniors elect to take Latin. The probability that a randomly chosen Latin student is a sophomore is $\frac{m}{n}$ , where $m$ and $n$ are relatively prime positive integers. Find $m+n$ .",25,II
2015-II-3,2015,3,Let $m$ be the least positive integer divisible by $17$ whose digits sum to $17$ . Find $m$ .,476,II
2015-II-4,2015,4,"In an isosceles trapezoid, the parallel bases have lengths $\log 3$ and $\log 192$ , and the altitude to these bases has length $\log 16$ . The perimeter of the trapezoid can be written in the form $\log 2^p 3^q$ , where $p$ and $q$ are positive integers. Find $p + q$ .",18,II
2015-II-5,2015,5,Two unit squares are selected at random without replacement from an $n \times n$ grid of unit squares. Find the least positive integer $n$ such that the probability that the two selected unit squares are horizontally or vertically adjacent is less than $\frac{1}{2015}$ .,90,II
2015-II-6,2015,6,"Steve says to Jon, ""I am thinking of a polynomial whose roots are all positive integers. The polynomial has the form $P(x) = 2x^3-2ax^2+(a^2-81)x-c$ for some positive integers $a$ and $c$ . Can you tell me the values of $a$ and $c$ ?"" After some calculations, Jon says, ""There is more than one such polynomial."" Steve says, ""You're right.  Here is the value of $a$ ."" He writes down a positive integer and asks, ""Can you tell me the value of $c$ ?"" Jon says, ""There are still two possible values of $c$ ."" Find the sum of the two possible values of $c$ .",440,II
2015-II-7,2015,7,"Triangle $ABC$ has side lengths $AB = 12$ , $BC = 25$ , and $CA = 17$ . Rectangle $PQRS$ has vertex $P$ on $\overline{AB}$ , vertex $Q$ on $\overline{AC}$ , and vertices $R$ and $S$ on $\overline{BC}$ . In terms of the side length $PQ = w$ , the area of $PQRS$ can be expressed as the quadratic polynomial \[\text{Area}(PQRS) = \alpha w - \beta \cdot w^2.\] Then the coefficient $\beta = \frac{m}{n}$ , where $m$ and $n$ are relatively prime positive integers. Find $m+n$ .",161,II
2015-II-8,2015,8,"Let $a$ and $b$ be positive integers satisfying $\frac{ab+1}{a+b} < \frac{3}{2}$ . The maximum possible value of $\frac{a^3b^3+1}{a^3+b^3}$ is $\frac{p}{q}$ , where $p$ and $q$ are relatively prime positive integers. Find $p+q$ .",36,II
2015-II-9,2015,9,"A cylindrical barrel with radius $4$ feet and height $10$ feet is full of water. A solid cube with side length $8$ feet is set into the barrel so that the diagonal of the cube is vertical. The volume of water thus displaced is $v$ cubic feet. Find $v^2$ . [asy] import three; import solids; size(5cm); currentprojection=orthographic(1,-1/6,1/6);  draw(surface(revolution((0,0,0),(-2,-2*sqrt(3),0)--(-2,-2*sqrt(3),-10),Z,0,360)),white,nolight);  triple A =(8*sqrt(6)/3,0,8*sqrt(3)/3), B = (-4*sqrt(6)/3,4*sqrt(2),8*sqrt(3)/3), C = (-4*sqrt(6)/3,-4*sqrt(2),8*sqrt(3)/3), X = (0,0,-2*sqrt(2));  draw(X--X+A--X+A+B--X+A+B+C); draw(X--X+B--X+A+B); draw(X--X+C--X+A+C--X+A+B+C); draw(X+A--X+A+C); draw(X+C--X+C+B--X+A+B+C,linetype(""2 4"")); draw(X+B--X+C+B,linetype(""2 4""));  draw(surface(revolution((0,0,0),(-2,-2*sqrt(3),0)--(-2,-2*sqrt(3),-10),Z,0,240)),white,nolight); draw((-2,-2*sqrt(3),0)..(4,0,0)..(-2,2*sqrt(3),0)); draw((-4*cos(atan(5)),-4*sin(atan(5)),0)--(-4*cos(atan(5)),-4*sin(atan(5)),-10)..(4,0,-10)..(4*cos(atan(5)),4*sin(atan(5)),-10)--(4*cos(atan(5)),4*sin(atan(5)),0)); draw((-2,-2*sqrt(3),0)..(-4,0,0)..(-2,2*sqrt(3),0),linetype(""2 4"")); [/asy]",384,II
2015-II-10,2015,10,"Call a permutation $a_1, a_2, \ldots, a_n$ of the integers $1, 2, \ldots, n$ quasi-increasing if $a_k \leq a_{k+1} + 2$ for each $1 \leq k \leq n-1$ . For example, $53421$ and $14253$ are quasi-increasing permutations of the integers $1, 2, 3, 4, 5$ , but $45123$ is not. Find the number of quasi-increasing permutations of the integers $1, 2, \ldots, 7$ .",486,II
2015-II-11,2015,11,"The circumcircle of acute $\triangle ABC$ has center $O$ . The line passing through point $O$ perpendicular to $\overline{OB}$ intersects lines $AB$ and $BC$ at $P$ and $Q$ , respectively. Also $AB=5$ , $BC=4$ , $BQ=4.5$ , and $BP=\frac{m}{n}$ , where $m$ and $n$ are relatively prime positive integers. Find $m+n$ .",23,II
2015-II-12,2015,12,There are $2^{10} = 1024$ possible $10$ -letter strings in which each letter is either an A or a B. Find the number of such strings that do not have more than $3$ adjacent letters that are identical.,548,II
2015-II-13,2015,13,"Define the sequence $a_1, a_2, a_3, \ldots$ by $a_n = \sum\limits_{k=1}^n \sin{k}$ , where $k$ represents radian measure. Find the index of the 100th term for which $a_n < 0$ .",628,II
2015-II-14,2015,14,Let $x$ and $y$ be real numbers satisfying $x^4y^5+y^4x^5=810$ and $x^3y^6+y^3x^6=945$ . Evaluate $2x^3+(xy)^3+2y^3$ .,89,II
2015-II-15,2015,15,"Circles $\mathcal{P}$ and $\mathcal{Q}$ have radii $1$ and $4$ , respectively, and are externally tangent at point $A$ . Point $B$ is on $\mathcal{P}$ and point $C$ is on $\mathcal{Q}$ such that $BC$ is a common external tangent of the two circles. A line $\ell$ through $A$ intersects $\mathcal{P}$ again at $D$ and intersects $\mathcal{Q}$ again at $E$ . Points $B$ and $C$ lie on the same side of $\ell$ , and the areas of $\triangle DBA$ and $\triangle ACE$ are equal. This common area is $\frac{m}{n}$ , where $m$ and $n$ are relatively prime positive integers. Find $m+n$ . [asy] import cse5; pathpen=black; pointpen=black; size(6cm);  pair E = IP(L((-.2476,1.9689),(0.8,1.6),-3,5.5),CR((4,4),4)), D = (-.2476,1.9689);  filldraw(D--(0.8,1.6)--(0,0)--cycle,gray(0.7)); filldraw(E--(0.8,1.6)--(4,0)--cycle,gray(0.7)); D(CR((0,1),1)); D(CR((4,4),4,150,390)); D(L(MP(""D"",D(D),N),MP(""A"",D((0.8,1.6)),NE),1,5.5)); D((-1.2,0)--MP(""B"",D((0,0)),S)--MP(""C"",D((4,0)),S)--(8,0)); D(MP(""E"",E,N)); [/asy]",129,II
2016-I-1,2016,1,"For $-1<r<1$ , let $S(r)$ denote the sum of the geometric series \[12+12r+12r^2+12r^3+\cdots .\] Let $a$ between $-1$ and $1$ satisfy $S(a)S(-a)=2016$ . Find $S(a)+S(-a)$ .",336,I
2016-I-2,2016,2,"Two dice appear to be normal dice with their faces numbered from $1$ to $6$ , but each die is weighted so that the probability of rolling the number $k$ is directly proportional to $k$ . The probability of rolling a $7$ with this pair of dice is $\frac{m}{n}$ , where $m$ and $n$ are relatively prime positive integers. Find $m+n$ .",71,I
2016-I-3,2016,3,"A regular icosahedron is a $20$ -faced solid where each face is an equilateral triangle and five triangles meet at every vertex. The regular icosahedron shown below has one vertex at the top, one vertex at the bottom, an upper pentagon of five vertices all adjacent to the top vertex and all in the same horizontal plane, and a lower pentagon of five vertices all adjacent to the bottom vertex and all in another horizontal plane. Find the number of paths from the top vertex to the bottom vertex such that each part of a path goes downward or horizontally along an edge of the icosahedron, and no vertex is repeated. [asy] size(3cm); pair A=(0.05,0),B=(-.9,-0.6),C=(0,-0.45),D=(.9,-0.6),E=(.55,-0.85),F=(-0.55,-0.85),G=B-(0,1.1),H=F-(0,0.6),I=E-(0,0.6),J=D-(0,1.1),K=C-(0,1.4),L=C+K-A; draw(A--B--F--E--D--A--E--A--F--A^^B--G--F--K--G--L--J--K--E--J--D--J--L--K); draw(B--C--D--C--A--C--H--I--C--H--G^^H--L--I--J^^I--D^^H--B,dashed); dot(A^^B^^C^^D^^E^^F^^G^^H^^I^^J^^K^^L);  [/asy]",810,I
2016-I-4,2016,4,A right prism with height $h$ has bases that are regular hexagons with sides of length $12$ . A vertex $A$ of the prism and its three adjacent vertices are the vertices of a triangular pyramid. The dihedral angle (the angle between the two planes) formed by the face of the pyramid that lies in a base of the prism and the face of the pyramid that does not contain $A$ measures $60^\circ$ . Find $h^2$ .,108,I
2016-I-5,2016,5,"Anh read a book. On the first day she read $n$ pages in $t$ minutes, where $n$ and $t$ are positive integers. On the second day Anh read $n + 1$ pages in $t + 1$ minutes. Each day thereafter Anh read one more page than she read on the previous day, and it took her one more minute than on the previous day until she completely read the $374$ page book. It took her a total of $319$ minutes to read the book. Find $n + t$ .",53,I
2016-I-6,2016,6,"In $\triangle ABC$ let $I$ be the center of the inscribed circle, and let the bisector of $\angle ACB$ intersect $\overline{AB}$ at $L$ . The line through $C$ and $L$ intersects the circumscribed circle of $\triangle ABC$ at the two points $C$ and $D$ . If $LI=2$ and $LD=3$ , then $IC= \frac{p}{q}$ , where $p$ and $q$ are relatively prime positive integers. Find $p+q$ .",13,I
2016-I-7,2016,7,"For integers $a$ and $b$ consider the complex number \[\frac{\sqrt{ab+2016}}{ab+100}-\left(\frac{\sqrt{|a+b|}}{ab+100}\right)i.\] Find the number of ordered pairs of integers $(a,b)$ such that this complex number is a real number.",103,I
2016-I-8,2016,8,"For a permutation $p = (a_1,a_2,\ldots,a_9)$ of the digits $1,2,\ldots,9$ , let $s(p)$ denote the sum of the three $3$ -digit numbers $a_1a_2a_3$ , $a_4a_5a_6$ , and $a_7a_8a_9$ . Let $m$ be the minimum value of $s(p)$ subject to the condition that the units digit of $s(p)$ is $0$ . Let $n$ denote the number of permutations $p$ with $s(p) = m$ . Find $|m - n|$ .",162,I
2016-I-9,2016,9,"Triangle $ABC$ has $AB=40,AC=31,$ and $\sin{A}=\frac{1}{5}$ . This triangle is inscribed in rectangle $AQRS$ with $B$ on $\overline{QR}$ and $C$ on $\overline{RS}$ . Find the maximum possible area of $AQRS$ .",744,I
2016-I-10,2016,10,"A strictly increasing sequence of positive integers $a_1$ , $a_2$ , $a_3$ , $\cdots$ has the property that for every positive integer $k$ , the subsequence $a_{2k-1}$ , $a_{2k}$ , $a_{2k+1}$ is geometric and the subsequence $a_{2k}$ , $a_{2k+1}$ , $a_{2k+2}$ is arithmetic. Suppose that $a_{13} = 2016$ . Find $a_1$ .",504,I
2016-I-11,2016,11,"Let $P(x)$ be a nonzero polynomial such that $(x-1)P(x+1)=(x+2)P(x)$ for every real $x$ , and $\left(P(2)\right)^2 = P(3)$ . Then $P(\tfrac72)=\tfrac{m}{n}$ , where $m$ and $n$ are relatively prime positive integers. Find $m + n$ .",109,I
2016-I-12,2016,12,Find the least positive integer $m$ such that $m^2 - m + 11$ is a product of at least four not necessarily distinct primes.,132,I
2016-I-13,2016,13,"Freddy the frog is jumping around the coordinate plane searching for a river, which lies on the horizontal line $y = 24$ . A fence is located at the horizontal line $y = 0$ . On each jump Freddy randomly chooses a direction parallel to one of the coordinate axes and moves one unit in that direction. When he is at a point where $y=0$ , with equal likelihoods he chooses one of three directions where he either jumps parallel to the fence or jumps away from the fence, but he never chooses the direction that would have him cross over the fence to where $y < 0$ . Freddy starts his search at the point $(0, 21)$ and will stop once he reaches a point on the river. Find the expected number of jumps it will take Freddy to reach the river.",273,I
2016-I-14,2016,14,"Centered at each lattice point in the coordinate plane are a circle radius $\frac{1}{10}$ and a square with sides of length $\frac{1}{5}$ whose sides are parallel to the coordinate axes. The line segment from $(0,0)$ to $(1001, 429)$ intersects $m$ of the squares and $n$ of the circles. Find $m + n$ .",574,I
2016-I-15,2016,15,"Circles $\omega_1$ and $\omega_2$ intersect at points $X$ and $Y$ . Line $\ell$ is tangent to $\omega_1$ and $\omega_2$ at $A$ and $B$ , respectively, with line $AB$ closer to point $X$ than to $Y$ . Circle $\omega$ passes through $A$ and $B$ intersecting $\omega_1$ again at $D \neq A$ and intersecting $\omega_2$ again at $C \neq B$ . The three points $C$ , $Y$ , $D$ are collinear, $XC = 67$ , $XY = 47$ , and $XD = 37$ . Find $AB^2$ .",270,I
2016-II-1,2016,1,"Initially Alex, Betty, and Charlie had a total of $444$ peanuts. Charlie had the most peanuts, and Alex had the least. The three numbers of peanuts that each person had formed a geometric progression. Alex eats $5$ of his peanuts, Betty eats $9$ of her peanuts, and Charlie eats $25$ of his peanuts. Now the three numbers of peanuts each person has forms an arithmetic progression. Find the number of peanuts Alex had initially.",108,II
2016-II-2,2016,2,"There is a $40\%$ chance of rain on Saturday and a $30\%$ chance of rain on Sunday. However, it is twice as likely to rain on Sunday if it rains on Saturday than if it does not rain on Saturday. The probability that it rains at least one day this weekend is $\frac{a}{b}$ , where $a$ and $b$ are relatively prime positive integers. Find $a+b$ .",107,II
2016-II-3,2016,3,"Let $x,y,$ and $z$ be real numbers satisfying the system \begin{align*} \log_2(xyz-3+\log_5 x)&=5,\\ \log_3(xyz-3+\log_5 y)&=4,\\ \log_4(xyz-3+\log_5 z)&=4. \end{align*} Find the value of $|\log_5 x|+|\log_5 y|+|\log_5 z|$ .",265,II
2016-II-4,2016,4,"An $a \times b \times c$ rectangular box is built from $a \cdot b \cdot c$ unit cubes. Each unit cube is colored red, green, or yellow. Each of the $a$ layers of size $1 \times b \times c$ parallel to the $(b \times c)$ faces of the box contains exactly $9$ red cubes, exactly $12$ green cubes, and some yellow cubes. Each of the $b$ layers of size $a \times 1 \times c$ parallel to the $(a \times c)$ faces of the box contains exactly $20$ green cubes, exactly $25$ yellow cubes, and some red cubes. Find the smallest possible volume of the box.",180,II
2016-II-5,2016,5,"Triangle $ABC_0$ has a right angle at $C_0$ . Its side lengths are pairwise relatively prime positive integers, and its perimeter is $p$ . Let $C_1$ be the foot of the altitude to $\overline{AB}$ , and for $n \geq 2$ , let $C_n$ be the foot of the altitude to $\overline{C_{n-2}B}$ in $\triangle C_{n-2}C_{n-1}B$ . The sum $\sum_{n=2}^\infty C_{n-2}C_{n-1} = 6p$ . Find $p$ .",182,II
2016-II-6,2016,6,"For polynomial $P(x)=1-\dfrac{1}{3}x+\dfrac{1}{6}x^{2}$ , define $Q(x)=P(x)P(x^{3})P(x^{5})P(x^{7})P(x^{9})=\sum_{i=0}^{50} a_ix^{i}$ .
Then $\sum_{i=0}^{50} |a_i|=\dfrac{m}{n}$ , where $m$ and $n$ are relatively prime positive integers. Find $m+n$ .",275,II
2016-II-7,2016,7,"Squares $ABCD$ and $EFGH$ have a common center and $\overline{AB} || \overline{EF}$ . The area of $ABCD$ is 2016, and the area of $EFGH$ is a smaller positive integer. Square $IJKL$ is constructed so that each of its vertices lies on a side of $ABCD$ and each vertex of $EFGH$ lies on a side of $IJKL$ . Find the difference between the largest and smallest positive integer values for the area of $IJKL$ .",840,II
2016-II-8,2016,8,"Find the number of sets $\{a,b,c\}$ of three distinct positive integers with the property that the product of $a,b,$ and $c$ is equal to the product of $11,21,31,41,51,$ and $61$ .",728,II
2016-II-9,2016,9,"The sequences of positive integers $1,a_2, a_3,...$ and $1,b_2, b_3,...$ are an increasing arithmetic sequence and an increasing geometric sequence, respectively. Let $c_n=a_n+b_n$ . There is an integer $k$ such that $c_{k-1}=100$ and $c_{k+1}=1000$ . Find $c_k$ .",262,II
2016-II-10,2016,10,"Triangle $ABC$ is inscribed in circle $\omega$ . Points $P$ and $Q$ are on side $\overline{AB}$ with $AP<AQ$ . Rays $CP$ and $CQ$ meet $\omega$ again at $S$ and $T$ (other than $C$ ), respectively. If $AP=4,PQ=3,QB=6,BT=5,$ and $AS=7$ , then $ST=\frac{m}{n}$ , where $m$ and $n$ are relatively prime positive integers. Find $m+n$ .",43,II
2016-II-11,2016,11,"For positive integers $N$ and $k$ , define $N$ to be $k$ -nice if there exists a positive integer $a$ such that $a^{k}$ has exactly $N$ positive divisors. Find the number of positive integers less than $1000$ that are neither $7$ -nice nor $8$ -nice.",749,II
2016-II-12,2016,12,"The figure below shows a ring made of six small sections which you are to paint on a wall. You have four paint colors available and you will paint each of the six sections a solid color. Find the number of ways you can choose to paint the sections if no two adjacent sections can be painted with the same color. [asy] draw(Circle((0,0), 4)); draw(Circle((0,0), 3)); draw((0,4)--(0,3)); draw((0,-4)--(0,-3)); draw((-2.598, 1.5)--(-3.4641, 2)); draw((-2.598, -1.5)--(-3.4641, -2)); draw((2.598, -1.5)--(3.4641, -2)); draw((2.598, 1.5)--(3.4641, 2)); [/asy]",732,II
2016-II-13,2016,13,"Beatrix is going to place six rooks on a $6 \times 6$ chessboard where both the rows and columns are labeled $1$ to $6$ ; the rooks are placed so that no two rooks are in the same row or the same column. The value of a square is the sum of its row number and column number. The score of an arrangement of rooks is the least value of any occupied square. The average score over all valid configurations is $\frac{p}{q}$ , where $p$ and $q$ are relatively prime positive integers. Find $p+q$ .",371,II
2016-II-14,2016,14,"Equilateral $\triangle ABC$ has side length $600$ . Points $P$ and $Q$ lie outside the plane of $\triangle ABC$ and are on opposite sides of the plane. Furthermore, $PA=PB=PC$ , and $QA=QB=QC$ , and the planes of $\triangle PAB$ and $\triangle QAB$ form a $120^{\circ}$ dihedral angle (the angle between the two planes). There is a point $O$ whose distance from each of $A,B,C,P,$ and $Q$ is $d$ . Find $d$ .",450,II
2016-II-15,2016,15,"For $1 \leq i \leq 215$ let $a_i = \dfrac{1}{2^{i}}$ and $a_{216} = \dfrac{1}{2^{215}}$ . Let $x_1, x_2, ..., x_{216}$ be positive real numbers such that $\sum_{i=1}^{216} x_i=1$ and $\sum_{1 \leq i < j \leq 216} x_ix_j = \dfrac{107}{215} + \sum_{i=1}^{216} \dfrac{a_i x_i^{2}}{2(1-a_i)}$ . The maximum possible value of $x_2=\dfrac{m}{n}$ , where $m$ and $n$ are relatively prime positive integers. Find $m+n$ .",863,II
2017-I-1,2017,1,"Fifteen distinct points are designated on $\triangle ABC$ : the 3 vertices $A$ , $B$ , and $C$ ; $3$ other points on side $\overline{AB}$ ; $4$ other points on side $\overline{BC}$ ; and $5$ other points on side $\overline{CA}$ . Find the number of triangles with positive area whose vertices are among these $15$ points.",390,I
2017-I-2,2017,2,"When each of $702$ , $787$ , and $855$ is divided by the positive integer $m$ , the remainder is always the positive integer $r$ . When each of $412$ , $722$ , and $815$ is divided by the positive integer $n$ , the remainder is always the positive integer $s \neq r$ . Find $m+n+r+s$ .",62,I
2017-I-3,2017,3,"For a positive integer $n$ , let $d_n$ be the units digit of $1 + 2 + \dots + n$ . Find the remainder when \[\sum_{n=1}^{2017} d_n\] is divided by $1000$ .",69,I
2017-I-4,2017,4,"A pyramid has a triangular base with side lengths $20$ , $20$ , and $24$ . The three edges of the pyramid from the three corners of the base to the fourth vertex of the pyramid all have length $25$ . The volume of the pyramid is $m\sqrt{n}$ , where $m$ and $n$ are positive integers, and $n$ is not divisible by the square of any prime. Find $m+n$ .",803,I
2017-I-5,2017,5,"A rational number written in base eight is $\underline{a} \underline{b} . \underline{c} \underline{d}$ , where all digits are nonzero. The same number in base twelve is $\underline{b} \underline{b} . \underline{b} \underline{a}$ . Find the base-ten number $\underline{a} \underline{b} \underline{c}$ . ",321,I
2017-I-6,2017,6,"A circle circumscribes an isosceles triangle whose two congruent angles have degree measure $x$ . Two points are chosen independently and uniformly at random on the circle, and a chord is drawn between them. The probability that the chord intersects the triangle is $\frac{14}{25}$ . Find the difference between the largest and smallest possible values of $x$ .",48,I
2017-I-7,2017,7,"For nonnegative integers $a$ and $b$ with $a + b \leq 6$ , let $T(a, b) = \binom{6}{a} \binom{6}{b} \binom{6}{a + b}$ . Let $S$ denote the sum of all $T(a, b)$ , where $a$ and $b$ are nonnegative integers with $a + b \leq 6$ . Find the remainder when $S$ is divided by $1000$ .",564,I
2017-I-8,2017,8,"Two real numbers $a$ and $b$ are chosen independently and uniformly at random from the interval $(0, 75)$ . Let $O$ and $P$ be two points on the plane with $OP = 200$ . Let $Q$ and $R$ be on the same side of line $OP$ such that the degree measures of $\angle POQ$ and $\angle POR$ are $a$ and $b$ respectively, and $\angle OQP$ and $\angle ORP$ are both right angles. The probability that $QR \leq 100$ is equal to $\frac{m}{n}$ , where $m$ and $n$ are relatively prime positive integers. Find $m + n$ .",41,I
2017-I-9,2017,9,"Let $a_{10} = 10$ , and for each positive integer $n >10$ let $a_n = 100a_{n - 1} + n$ . Find the least positive $n > 10$ such that $a_n$ is a multiple of $99$ .",45,I
2017-I-10,2017,10,"Let $z_1 = 18 + 83i$ , $z_2 = 18 + 39i,$ and $z_3 = 78 + 99i,$ where $i = \sqrt{-1}$ . Let $z$ be the unique complex number with the properties that $\frac{z_3 - z_1}{z_2 - z_1} \cdot \frac{z - z_2}{z - z_3}$ is a real number and the imaginary part of $z$ is the greatest possible. Find the real part of $z$ .",56,I
2017-I-11,2017,11,"Consider arrangements of the $9$ numbers $1, 2, 3, \dots, 9$ in a $3 \times 3$ array. For each such arrangement, let $a_1$ , $a_2$ , and $a_3$ be the medians of the numbers in rows $1$ , $2$ , and $3$ respectively, and let $m$ be the median of $\{a_1, a_2, a_3\}$ . Let $Q$ be the number of arrangements for which $m = 5$ . Find the remainder when $Q$ is divided by $1000$ .",360,I
2017-I-12,2017,12,"Call a set $S$ product-free if there do not exist $a, b, c \in S$ (not necessarily distinct) such that $a b = c$ . For example, the empty set and the set $\{16, 20\}$ are product-free, whereas the sets $\{4, 16\}$ and $\{2, 8, 16\}$ are not product-free. Find the number of product-free subsets of the set $\{1, 2, 3, 4, \ldots, 7, 8, 9, 10\}$ .",252,I
2017-I-13,2017,13,"For every $m \geq 2$ , let $Q(m)$ be the least positive integer with the following property: For every $n \geq Q(m)$ , there is always a perfect cube $k^3$ in the range $n < k^3 \leq mn$ . Find the remainder when \[\sum_{m = 2}^{2017} Q(m)\] is divided by $1000$ .",59,I
2017-I-14,2017,14,Let $a > 1$ and $x > 1$ satisfy $\log_a(\log_a(\log_a 2) + \log_a 24 - 128) = 128$ and $\log_a(\log_a x) = 256$ . Find the remainder when $x$ is divided by $1000$ .,896,I
2017-I-15,2017,15,"The area of the smallest equilateral triangle with one vertex on each of the sides of the right triangle with side lengths $2\sqrt3$ , $5$ , and $\sqrt{37}$ , as shown, is $\tfrac{m\sqrt{p}}{n}$ , where $m$ , $n$ , and $p$ are positive integers, $m$ and $n$ are relatively prime, and $p$ is not divisible by the square of any prime. Find $m+n+p$ . [asy] size(5cm); pair C=(0,0),B=(0,2*sqrt(3)),A=(5,0); real t = .385, s = 3.5*t-1; pair R = A*t+B*(1-t), P=B*s; pair Q = dir(-60) * (R-P) + P; fill(P--Q--R--cycle,gray); draw(A--B--C--A^^P--Q--R--P); dot(A--B--C--P--Q--R); [/asy]",145,I
2017-II-1,2017,1,"Find the number of subsets of $\{1, 2, 3, 4, 5, 6, 7, 8\}$ that are subsets of neither $\{1, 2, 3, 4, 5\}$ nor $\{4, 5, 6, 7, 8\}$ .",196,II
2017-II-2,2017,2,"Teams $T_1$ , $T_2$ , $T_3$ , and $T_4$ are in the playoffs. In the semifinal matches, $T_1$ plays $T_4$ , and $T_2$ plays $T_3$ . The winners of those two matches will play each other in the final match to determine the champion. When $T_i$ plays $T_j$ , the probability that $T_i$ wins is $\frac{i}{i+j}$ , and the outcomes of all the matches are independent. The probability that $T_4$ will be the champion is $\frac{p}{q}$ , where $p$ and $q$ are relatively prime positive integers. Find $p+q$ .",781,II
2017-II-3,2017,3,"A triangle has vertices $A(0,0)$ , $B(12,0)$ , and $C(8,10)$ . The probability that a randomly chosen point inside the triangle is closer to vertex $B$ than to either vertex $A$ or vertex $C$ can be written as $\frac{p}{q}$ , where $p$ and $q$ are relatively prime positive integers. Find $p+q$ .",409,II
2017-II-4,2017,4,Find the number of positive integers less than or equal to $2017$ whose base-three representation contains no digit equal to $0$ .,222,II
2017-II-5,2017,5,"A set contains four numbers. The six pairwise sums of distinct elements of the set, in no particular order, are $189$ , $320$ , $287$ , $234$ , $x$ , and $y$ . Find the greatest possible value of $x+y$ .",791,II
2017-II-6,2017,6,Find the sum of all positive integers $n$ such that $\sqrt{n^2+85n+2017}$ is an integer.,195,II
2017-II-7,2017,7,"Find the number of integer values of $k$ in the closed interval $[-500,500]$ for which the equation $\log(kx)=2\log(x+2)$ has exactly one real solution.",501,II
2017-II-8,2017,8,Find the number of positive integers $n$ less than $2017$ such that \[1+n+\frac{n^2}{2!}+\frac{n^3}{3!}+\frac{n^4}{4!}+\frac{n^5}{5!}+\frac{n^6}{6!}\] is an integer.,134,II
2017-II-9,2017,9,"A special deck of cards contains $49$ cards, each labeled with a number from $1$ to $7$ and colored with one of seven colors. Each number-color combination appears on exactly one card. Sharon will select a set of eight cards from the deck at random. Given that she gets at least one card of each color and at least one card with each number, the probability that Sharon can discard one of her cards and $\textit{still}$ have at least one card of each color and at least one card with each number is $\frac{p}{q}$ , where $p$ and $q$ are relatively prime positive integers. Find $p+q$ .",13,II
2017-II-10,2017,10,"Rectangle $ABCD$ has side lengths $AB=84$ and $AD=42$ . Point $M$ is the midpoint of $\overline{AD}$ , point $N$ is the trisection point of $\overline{AB}$ closer to $A$ , and point $O$ is the intersection of $\overline{CM}$ and $\overline{DN}$ . Point $P$ lies on the quadrilateral $BCON$ , and $\overline{BP}$ bisects the area of $BCON$ . Find the area of $\triangle CDP$ .",546,II
2017-II-11,2017,11,Five towns are connected by a system of roads. There is exactly one road connecting each pair of towns. Find the number of ways there are to make all the roads one-way in such a way that it is still possible to get from any town to any other town using the roads (possibly passing through other towns on the way). ,544,II
2017-II-12,2017,12,"Circle $C_0$ has radius $1$ , and the point $A_0$ is a point on the circle. Circle $C_1$ has radius $r<1$ and is internally tangent to $C_0$ at point $A_0$ . Point $A_1$ lies on circle $C_1$ so that $A_1$ is located $90^{\circ}$ counterclockwise from $A_0$ on $C_1$ . Circle $C_2$ has radius $r^2$ and is internally tangent to $C_1$ at point $A_1$ . In this way a sequence of circles $C_1,C_2,C_3,\ldots$ and a sequence of points on the circles $A_1,A_2,A_3,\ldots$ are constructed, where circle $C_n$ has radius $r^n$ and is internally tangent to circle $C_{n-1}$ at point $A_{n-1}$ , and point $A_n$ lies on $C_n$ $90^{\circ}$ counterclockwise from point $A_{n-1}$ , as shown in the figure below. There is one point $B$ inside all of these circles. When $r = \frac{11}{60}$ , the distance from the center $C_0$ to $B$ is $\frac{m}{n}$ , where $m$ and $n$ are relatively prime positive integers. Find $m+n$ . [asy] draw(Circle((0,0),125)); draw(Circle((25,0),100)); draw(Circle((25,20),80)); draw(Circle((9,20),64)); dot((125,0)); label(""$A_0$"",(125,0),E); dot((25,100)); label(""$A_1$"",(25,100),SE); dot((-55,20)); label(""$A_2$"",(-55,20),E); [/asy]",110,II
2017-II-13,2017,13,"For each integer $n\geq3$ , let $f(n)$ be the number of $3$ -element subsets of the vertices of a regular $n$ -gon that are the vertices of an isosceles triangle (including equilateral triangles). Find the sum of all values of $n$ such that $f(n+1)=f(n)+78$ .",245,II
2017-II-14,2017,14,"A $10\times10\times10$ grid of points consists of all points in space of the form $(i,j,k)$ , where $i$ , $j$ , and $k$ are integers between $1$ and $10$ , inclusive. Find the number of different lines that contain exactly $8$ of these points.",168,II
2017-II-15,2017,15,"Tetrahedron $ABCD$ has $AD=BC=28$ , $AC=BD=44$ , and $AB=CD=52$ . For any point $X$ in space, define $f(X)=AX+BX+CX+DX$ . The least possible value of $f(X)$ can be expressed as $m\sqrt{n}$ , where $m$ and $n$ are positive integers, and $n$ is not divisible by the square of any prime. Find $m+n$ .",682,II
2018-I-1,2018,1,"Let $S$ be the number of ordered pairs of integers $(a,b)$ with $1 \leq a \leq 100$ and $b \geq 0$ such that the polynomial $x^2+ax+b$ can be factored into the product of two (not necessarily distinct) linear factors with integer coefficients. Find the remainder when $S$ is divided by $1000$ .",600,I
2018-I-2,2018,2,"The number $n$ can be written in base $14$ as $\underline{a}\text{ }\underline{b}\text{ }\underline{c}$ , can be written in base $15$ as $\underline{a}\text{ }\underline{c}\text{ }\underline{b}$ , and can be written in base $6$ as $\underline{a}\text{ }\underline{c}\text{ }\underline{a}\text{ }\underline{c}\text{ }$ , where $a > 0$ . Find the base- $10$ representation of $n$ .",925,I
2018-I-3,2018,3,"Kathy has $5$ red cards and $5$ green cards. She shuffles the $10$ cards and lays out $5$ of the cards in a row in a random order. She will be happy if and only if all the red cards laid out are adjacent and all the green cards laid out are adjacent. For example, card orders RRGGG, GGGGR, or RRRRR will make Kathy happy, but RRRGR will not. The probability that Kathy will be happy is $\frac{m}{n}$ , where $m$ and $n$ are relatively prime positive integers. Find $m + n$ .",157,I
2018-I-4,2018,4,"In $\triangle ABC, AB = AC = 10$ and $BC = 12$ . Point $D$ lies strictly between $A$ and $B$ on $\overline{AB}$ and point $E$ lies strictly between $A$ and $C$ on $\overline{AC}$ so that $AD = DE = EC$ . Then $AD$ can be expressed in the form $\dfrac{p}{q}$ , where $p$ and $q$ are relatively prime positive integers. Find $p+q$ .",289,I
2018-I-5,2018,5,"For each ordered pair of real numbers $(x,y)$ satisfying \[\log_2(2x+y) = \log_4(x^2+xy+7y^2)\] there is a real number $K$ such that \[\log_3(3x+y) = \log_9(3x^2+4xy+Ky^2).\] Find the product of all possible values of $K$ .",189,I
2018-I-6,2018,6,Let $N$ be the number of complex numbers $z$ with the properties that $|z|=1$ and $z^{6!}-z^{5!}$ is a real number. Find the remainder when $N$ is divided by $1000$ .,440,I
2018-I-7,2018,7,A right hexagonal prism has height $2$ . The bases are regular hexagons with side length $1$ . Any $3$ of the $12$ vertices determine a triangle. Find the number of these triangles that are isosceles (including equilateral triangles).,52,I
2018-I-8,2018,8,"Let $ABCDEF$ be an equiangular hexagon such that $AB=6, BC=8, CD=10$ , and $DE=12$ . Denote $d$ the diameter of the largest circle that fits inside the hexagon. Find $d^2$ .",147,I
2018-I-9,2018,9,"Find the number of four-element subsets of $\{1,2,3,4,\dots, 20\}$ with the property that two distinct elements of a subset have a sum of $16$ , and two distinct elements of a subset have a sum of $24$ . For example, $\{3,5,13,19\}$ and $\{6,10,20,18\}$ are two such subsets.",210,I
2018-I-10,2018,10,"The wheel shown below consists of two circles and five spokes, with a label at each point where a spoke meets a circle. A bug walks along the wheel, starting at point $A$ . At every step of the process, the bug walks from one labeled point to an adjacent labeled point. Along the inner circle the bug only walks in a counterclockwise direction, and along the outer circle the bug only walks in a clockwise direction. For example, the bug could travel along the path $AJABCHCHIJA$ , which has $10$ steps. Let $n$ be the number of paths with $15$ steps that begin and end at point $A.$ Find the remainder when $n$ is divided by $1000$ . [asy] size(6cm);  draw(unitcircle); draw(scale(2) * unitcircle); for(int d = 90; d < 360 + 90; d += 72){ draw(2 * dir(d) -- dir(d)); }  dot(1 * dir( 90), linewidth(5)); dot(1 * dir(162), linewidth(5)); dot(1 * dir(234), linewidth(5)); dot(1 * dir(306), linewidth(5)); dot(1 * dir(378), linewidth(5)); dot(2 * dir(378), linewidth(5)); dot(2 * dir(306), linewidth(5)); dot(2 * dir(234), linewidth(5)); dot(2 * dir(162), linewidth(5)); dot(2 * dir( 90), linewidth(5));  label(""$A$"", 1 * dir( 90), -dir( 90)); label(""$B$"", 1 * dir(162), -dir(162)); label(""$C$"", 1 * dir(234), -dir(234)); label(""$D$"", 1 * dir(306), -dir(306)); label(""$E$"", 1 * dir(378), -dir(378)); label(""$F$"", 2 * dir(378), dir(378)); label(""$G$"", 2 * dir(306), dir(306)); label(""$H$"", 2 * dir(234), dir(234)); label(""$I$"", 2 * dir(162), dir(162)); label(""$J$"", 2 * dir( 90), dir( 90)); [/asy]",4,I
2018-I-11,2018,11,"Find the least positive integer $n$ such that when $3^n$ is written in base $143$ , its two right-most digits in base $143$ are $01$ .",195,I
2018-I-12,2018,12,"For every subset $T$ of $U = \{ 1,2,3,\ldots,18 \}$ , let $s(T)$ be the sum of the elements of $T$ , with $s(\emptyset)$ defined to be $0$ . If $T$ is chosen at random among all subsets of $U$ , the probability that $s(T)$ is divisible by $3$ is $\frac{m}{n}$ , where $m$ and $n$ are relatively prime positive integers. Find $m$ .",683,I
2018-I-13,2018,13,"Let $\triangle ABC$ have side lengths $AB=30$ , $BC=32$ , and $AC=34$ . Point $X$ lies in the interior of $\overline{BC}$ , and points $I_1$ and $I_2$ are the incenters of $\triangle ABX$ and $\triangle ACX$ , respectively. Find the minimum possible area of $\triangle AI_1I_2$ as $X$ varies along $\overline{BC}$ .",126,I
2018-I-14,2018,14,"Let $SP_1P_2P_3EP_4P_5$ be a heptagon. A frog starts jumping at vertex $S$ . From any vertex of the heptagon except $E$ , the frog may jump to either of the two adjacent vertices. When it reaches vertex $E$ , the frog stops and stays there. Find the number of distinct sequences of jumps of no more than $12$ jumps that end at $E$ .",351,I
2018-I-15,2018,15,"David found four sticks of different lengths that can be used to form three non-congruent convex cyclic quadrilaterals, $A,\text{ }B,\text{ }C$ , which can each be inscribed in a circle with radius $1$ . Let $\varphi_A$ denote the measure of the acute angle made by the diagonals of quadrilateral $A$ , and define $\varphi_B$ and $\varphi_C$ similarly. Suppose that $\sin\varphi_A=\frac{2}{3}$ , $\sin\varphi_B=\frac{3}{5}$ , and $\sin\varphi_C=\frac{6}{7}$ . All three quadrilaterals have the same area $K$ , which can be written in the form $\dfrac{m}{n}$ , where $m$ and $n$ are relatively prime positive integers. Find $m+n$ .",59,I
2018-II-1,2018,1,"Points $A$ , $B$ , and $C$ lie in that order along a straight path where the distance from $A$ to $C$ is $1800$ meters. Ina runs twice as fast as Eve, and Paul runs twice as fast as Ina. The three runners start running at the same time with Ina starting at $A$ and running toward $C$ , Paul starting at $B$ and running toward $C$ , and Eve starting at $C$ and running toward $A$ . When Paul meets Eve, he turns around and runs toward $A$ . Paul and Ina both arrive at $B$ at the same time. Find the number of meters from $A$ to $B$ .",800,II
2018-II-2,2018,2,"Let $a_{0} = 2$ , $a_{1} = 5$ , and $a_{2} = 8$ , and for $n > 2$ define $a_{n}$ recursively to be the remainder when $4(a_{n-1} + a_{n-2} + a_{n-3})$ is divided by $11$ . Find $a_{2018} \cdot a_{2020} \cdot a_{2022}$ .",112,II
2018-II-3,2018,3,Find the sum of all positive integers $b < 1000$ such that the base- $b$ integer $36_{b}$ is a perfect square and the base- $b$ integer $27_{b}$ is a perfect cube.,371,II
2018-II-4,2018,4,"In equiangular octagon $CAROLINE$ , $CA = RO = LI = NE =$ $\sqrt{2}$ and $AR = OL = IN = EC = 1$ . The self-intersecting octagon $CORNELIA$ encloses six non-overlapping triangular regions. Let $K$ be the area enclosed by $CORNELIA$ , that is, the total area of the six triangular regions. Then $K = \frac{a}{b}$ , where $a$ and $b$ are relatively prime positive integers. Find $a + b$ .",23,II
2018-II-5,2018,5,"Suppose that $x$ , $y$ , and $z$ are complex numbers such that $xy = -80 - 320i$ , $yz = 60$ , and $zx = -96 + 24i$ , where $i$ $=$ $\sqrt{-1}$ . Then there are real numbers $a$ and $b$ such that $x + y + z = a + bi$ . Find $a^2 + b^2$ .",74,II
2018-II-6,2018,6,"A real number $a$ is chosen randomly and uniformly from the interval $[-20, 18]$ . The probability that the roots of the polynomial \[x^4 + 2ax^3 + (2a - 2)x^2 + (-4a + 3)x - 2\] are all real can be written in the form $\dfrac{m}{n}$ , where $m$ and $n$ are relatively prime positive integers. Find $m + n$ .",37,II
2018-II-7,2018,7,"Triangle $ABC$ has side lengths $AB = 9$ , $BC =$ $5\sqrt{3}$ , and $AC = 12$ . Points $A = P_{0}, P_{1}, P_{2}, ... , P_{2450} = B$ are on segment $\overline{AB}$ with $P_{k}$ between $P_{k-1}$ and $P_{k+1}$ for $k = 1, 2, ..., 2449$ , and points $A = Q_{0}, Q_{1}, Q_{2}, ... , Q_{2450} = C$ are on segment $\overline{AC}$ with $Q_{k}$ between $Q_{k-1}$ and $Q_{k+1}$ for $k = 1, 2, ..., 2449$ . Furthermore, each segment $\overline{P_{k}Q_{k}}$ , $k = 1, 2, ..., 2449$ , is parallel to $\overline{BC}$ . The segments cut the triangle into $2450$ regions, consisting of $2449$ trapezoids and $1$ triangle. Each of the $2450$ regions has the same area. Find the number of segments $\overline{P_{k}Q_{k}}$ , $k = 1, 2, ..., 2450$ , that have rational length.",20,II
2018-II-8,2018,8,"A frog is positioned at the origin of the coordinate plane. From the point $(x, y)$ , the frog can jump to any of the points $(x + 1, y)$ , $(x + 2, y)$ , $(x, y + 1)$ , or $(x, y + 2)$ . Find the number of distinct sequences of jumps in which the frog begins at $(0, 0)$ and ends at $(4, 4)$ .",556,II
2018-II-9,2018,9,"Octagon $ABCDEFGH$ with side lengths $AB = CD = EF = GH = 10$ and $BC = DE = FG = HA = 11$ is formed by removing 6-8-10 triangles from the corners of a $23$ $\times$ $27$ rectangle with side $\overline{AH}$ on a short side of the rectangle, as shown. Let $J$ be the midpoint of $\overline{AH}$ , and partition the octagon into 7 triangles by drawing segments $\overline{JB}$ , $\overline{JC}$ , $\overline{JD}$ , $\overline{JE}$ , $\overline{JF}$ , and $\overline{JG}$ . Find the area of the convex polygon whose vertices are the centroids of these 7 triangles. [asy] unitsize(6); pair P = (0, 0), Q = (0, 23), R = (27, 23), SS = (27, 0); pair A = (0, 6), B = (8, 0), C = (19, 0), D = (27, 6), EE = (27, 17), F = (19, 23),  G = (8, 23), J = (0, 23/2), H = (0, 17); draw(P--Q--R--SS--cycle); draw(J--B); draw(J--C); draw(J--D); draw(J--EE); draw(J--F); draw(J--G); draw(A--B); draw(H--G); real dark = 0.6; filldraw(A--B--P--cycle, gray(dark)); filldraw(H--G--Q--cycle, gray(dark)); filldraw(F--EE--R--cycle, gray(dark)); filldraw(D--C--SS--cycle, gray(dark)); dot(A); dot(B); dot(C); dot(D); dot(EE); dot(F); dot(G); dot(H); dot(J); dot(H); defaultpen(fontsize(10pt)); real r = 1.3; label(""$A$"", A, W*r); label(""$B$"", B, S*r); label(""$C$"", C, S*r); label(""$D$"", D, E*r); label(""$E$"", EE, E*r); label(""$F$"", F, N*r); label(""$G$"", G, N*r); label(""$H$"", H, W*r); label(""$J$"", J, W*r); [/asy]",184,II
2018-II-10,2018,10,"Find the number of functions $f(x)$ from $\{1, 2, 3, 4, 5\}$ to $\{1, 2, 3, 4, 5\}$ that satisfy $f(f(x)) = f(f(f(x)))$ for all $x$ in $\{1, 2, 3, 4, 5\}$ .",756,II
2018-II-11,2018,11,"Find the number of permutations of $1, 2, 3, 4, 5, 6$ such that for each $k$ with $1$ $\leq$ $k$ $\leq$ $5$ , at least one of the first $k$ terms of the permutation is greater than $k$ .",461,II
2018-II-12,2018,12,"Let $ABCD$ be a convex quadrilateral with $AB = CD = 10$ , $BC = 14$ , and $AD = 2\sqrt{65}$ . Assume that the diagonals of $ABCD$ intersect at point $P$ , and that the sum of the areas of triangles $APB$ and $CPD$ equals the sum of the areas of triangles $BPC$ and $APD$ . Find the area of quadrilateral $ABCD$ .",112,II
2018-II-13,2018,13,"Misha rolls a standard, fair six-sided die until she rolls 1-2-3 in that order on three consecutive rolls. The probability that she will roll the die an odd number of times is $\dfrac{m}{n}$ where $m$ and $n$ are relatively prime positive integers. Find $m+n$ .",647,II
2018-II-14,2018,14,"The incircle $\omega$ of triangle $ABC$ is tangent to $\overline{BC}$ at $X$ . Let $Y \neq X$ be the other intersection of $\overline{AX}$ with $\omega$ . Points $P$ and $Q$ lie on $\overline{AB}$ and $\overline{AC}$ , respectively, so that $\overline{PQ}$ is tangent to $\omega$ at $Y$ . Assume that $AP = 3$ , $PB = 4$ , $AC = 8$ , and $AQ = \dfrac{m}{n}$ , where $m$ and $n$ are relatively prime positive integers. Find $m+n$ .",227,II
2018-II-15,2018,15,"Find the number of functions $f$ from $\{0, 1, 2, 3, 4, 5, 6\}$ to the integers such that $f(0) = 0$ , $f(6) = 12$ , and \[|x - y|  \leq  |f(x) - f(y)|  \leq  3|x - y|\] for all $x$ and $y$ in $\{0, 1, 2, 3, 4, 5, 6\}$ .",185,II
